"TransazioneID";"DataTransazione";"ProdottoID";"ClienteID";"QuantitaAcquistata";"ImportoTransazione";"SpedizioneID";"MetodoSpedizione";"DataSpedizione";"StatusConsegna"
1;"2022-10-19 00:00:00";1600;4809;8;57.16;4464;"Corriere Express";"2023-02-19 00:00:00";"Consegna Riuscita"
2;"2022-07-06 00:00:00";920;1311;1;48.17;2570;"Corriere Express";"2023-02-17 00:00:00";"Consegna Riuscita"
3;"2022-02-23 00:00:00";561;2959;3;85.97;155;"Posta Prioritaria";"2023-12-11 00:00:00";"In Consegna"
4;"2022-10-20 00:00:00";2614;2843;2;18.58;3445;"Posta Prioritaria";"2023-11-05 00:00:00";"Consegna Riuscita"
5;"2022-08-25 00:00:00";106;4765;8;53.77;4857;"Corriere Express";"2023-09-12 00:00:00";"In Consegna"
6;"2022-03-02 00:00:00";3585;237;9;94.0;3571;"Corriere Express";"2023-12-02 00:00:00";"In Consegna"
7;"2022-04-14 00:00:00";4594;4153;3;54.94;1633;"Corriere Express";"2023-01-10 00:00:00";"In Consegna"
8;"2022-05-09 00:00:00";4226;1215;8;67.3;3348;"Posta Prioritaria";"2023-03-29 00:00:00";"Consegna Riuscita"
9;"2022-04-16 00:00:00";3084;7;7;56.57;3107;"Corriere Express";"2023-11-23 00:00:00";"Consegna Riuscita"
10;"2022-03-28 00:00:00";4560;92;1;68.21;1611;"Corriere Express";"2023-04-04 00:00:00";"In Consegna"
11;"2022-12-09 00:00:00";2112;1168;5;23.16;1640;"Posta Prioritaria";"2023-05-13 00:00:00";"Consegna Riuscita"
12;"2022-06-05 00:00:00";4979;3080;5;98.83;775;"Corriere Express";"2023-07-18 00:00:00";"In Consegna"
13;"2022-05-12 00:00:00";1270;962;3;69.93;404;"Posta Prioritaria";"2023-03-26 00:00:00";"In Consegna"
14;"2022-03-18 00:00:00";4460;748;9;94.89;544;"Corriere Express";"2023-04-15 00:00:00";"Consegna Riuscita"
15;"2022-12-01 00:00:00";5056;4913;7;64.76;514;"Corriere Express";"2023-09-27 00:00:00";"In Consegna"
16;"2022-03-03 00:00:00";4637;4193;3;81.59;4030;"Posta Prioritaria";"2023-03-09 00:00:00";"In Consegna"
17;"2022-10-21 00:00:00";3519;4551;8;84.77;3572;"Corriere Express";"2023-06-23 00:00:00";"Consegna Riuscita"
18;"2022-09-09 00:00:00";3292;397;8;97.72;3806;"Corriere Express";"2023-08-11 00:00:00";"In Consegna"
19;"2022-12-31 00:00:00";1254;4480;9;39.09;554;"Posta Prioritaria";"2023-06-14 00:00:00";"Consegna Riuscita"
20;"2022-11-05 00:00:00";2690;2426;3;61.24;2063;"Corriere Express";"2023-06-21 00:00:00";"Consegna Riuscita"
21;"2022-01-11 00:00:00";4763;1259;5;90.53;464;"Posta Prioritaria";"2023-10-16 00:00:00";"Consegna Riuscita"
22;"2022-08-31 00:00:00";820;1402;9;19.48;1381;"Posta Prioritaria";"2024-01-01 00:00:00";"In Consegna"
23;"2022-02-22 00:00:00";1115;3743;7;43.7;1005;"Corriere Express";"2023-07-27 00:00:00";"Consegna Riuscita"
24;"2022-05-27 00:00:00";4348;2184;5;26.76;846;"Posta Prioritaria";"2023-01-24 00:00:00";"Consegna Riuscita"
25;"2022-06-13 00:00:00";253;1923;7;75.37;333;"Posta Prioritaria";"2023-07-25 00:00:00";"In Consegna"
26;"2022-04-14 00:00:00";3750;574;6;91.68;3555;"Corriere Express";"2023-01-10 00:00:00";"Consegna Riuscita"
27;"2022-05-04 00:00:00";2523;2552;8;20.37;1019;"Corriere Express";"2023-11-29 00:00:00";"In Consegna"
28;"2022-07-15 00:00:00";4609;3429;3;40.03;1949;"Corriere Express";"2023-07-28 00:00:00";"In Consegna"
29;"2022-02-27 00:00:00";3350;277;3;45.8;2272;"Posta Prioritaria";"2023-11-16 00:00:00";"Consegna Riuscita"
30;"2022-02-23 00:00:00";1147;1280;3;50.26;937;"Corriere Express";"2023-02-12 00:00:00";"Consegna Riuscita"
31;"2022-09-16 00:00:00";4788;2062;3;14.26;3885;"Posta Prioritaria";"2023-03-19 00:00:00";"In Consegna"
32;"2022-12-15 00:00:00";3688;4262;5;77.95;4737;"Corriere Express";"2023-12-04 00:00:00";"In Consegna"
33;"2022-06-20 00:00:00";3565;1615;4;56.96;2247;"Posta Prioritaria";"2023-12-14 00:00:00";"In Consegna"
34;"2022-09-11 00:00:00";5008;2823;3;95.75;3556;"Posta Prioritaria";"2023-12-22 00:00:00";"Consegna Riuscita"
35;"2022-05-10 00:00:00";333;658;6;13.16;1469;"Posta Prioritaria";"2023-03-11 00:00:00";"Consegna Riuscita"
36;"2022-01-03 00:00:00";3075;2531;6;95.54;409;"Posta Prioritaria";"2023-08-14 00:00:00";"In Consegna"
37;"2022-05-30 00:00:00";2599;4063;3;13.69;1589;"Posta Prioritaria";"2023-06-17 00:00:00";"Consegna Riuscita"
38;"2022-01-30 00:00:00";5046;3304;3;84.04;3181;"Posta Prioritaria";"2023-12-13 00:00:00";"Consegna Riuscita"
39;"2022-07-10 00:00:00";1352;4531;8;92.74;1156;"Corriere Express";"2023-01-27 00:00:00";"In Consegna"
40;"2022-10-09 00:00:00";2947;1771;2;64.16;2778;"Posta Prioritaria";"2023-01-03 00:00:00";"In Consegna"
41;"2022-04-29 00:00:00";4042;1617;8;27.08;2089;"Corriere Express";"2023-05-09 00:00:00";"Consegna Riuscita"
42;"2022-06-21 00:00:00";103;48;8;68.94;1932;"Posta Prioritaria";"2023-04-04 00:00:00";"Consegna Riuscita"
43;"2022-07-04 00:00:00";1787;2621;2;29.37;3848;"Corriere Express";"2023-05-20 00:00:00";"Consegna Riuscita"
44;"2022-03-27 00:00:00";3266;700;2;34.23;3270;"Corriere Express";"2023-04-08 00:00:00";"In Consegna"
45;"2022-04-01 00:00:00";2648;2068;8;41.37;470;"Corriere Express";"2023-10-22 00:00:00";"Consegna Riuscita"
46;"2022-04-26 00:00:00";3227;4213;4;75.27;4659;"Corriere Express";"2023-02-25 00:00:00";"In Consegna"
47;"2022-01-20 00:00:00";888;4055;3;53.36;2157;"Corriere Express";"2023-03-05 00:00:00";"In Consegna"
48;"2022-02-03 00:00:00";1705;972;8;59.43;2253;"Corriere Express";"2023-10-28 00:00:00";"Consegna Riuscita"
49;"2022-10-02 00:00:00";4871;4077;3;89.7;837;"Posta Prioritaria";"2023-03-06 00:00:00";"In Consegna"
50;"2022-05-16 00:00:00";2439;1981;2;88.93;1279;"Corriere Express";"2023-05-23 00:00:00";"Consegna Riuscita"
51;"2022-10-06 00:00:00";578;1120;5;29.31;3540;"Posta Prioritaria";"2023-01-23 00:00:00";"Consegna Riuscita"
52;"2022-03-17 00:00:00";4981;616;4;87.79;2549;"Posta Prioritaria";"2023-09-21 00:00:00";"In Consegna"
53;"2022-06-12 00:00:00";1549;1944;5;88.65;1499;"Posta Prioritaria";"2023-01-30 00:00:00";"In Consegna"
54;"2022-02-24 00:00:00";2908;2793;2;69.8;3364;"Posta Prioritaria";"2023-02-15 00:00:00";"Consegna Riuscita"
55;"2022-12-25 00:00:00";4025;2010;5;57.77;987;"Posta Prioritaria";"2023-09-12 00:00:00";"Consegna Riuscita"
56;"2022-03-06 00:00:00";848;4269;3;34.27;670;"Corriere Express";"2023-07-11 00:00:00";"In Consegna"
57;"2022-02-07 00:00:00";535;386;2;62.25;3458;"Posta Prioritaria";"2023-12-29 00:00:00";"Consegna Riuscita"
58;"2022-07-14 00:00:00";2257;3793;7;99.19;2816;"Corriere Express";"2023-12-16 00:00:00";"In Consegna"
59;"2022-04-15 00:00:00";1721;654;3;92.42;877;"Corriere Express";"2023-06-17 00:00:00";"In Consegna"
60;"2022-09-07 00:00:00";4148;1165;4;46.21;573;"Posta Prioritaria";"2023-11-19 00:00:00";"Consegna Riuscita"
61;"2022-09-01 00:00:00";2317;902;3;84.21;3741;"Corriere Express";"2023-06-26 00:00:00";"Consegna Riuscita"
62;"2022-02-28 00:00:00";3155;3288;4;52.34;4946;"Posta Prioritaria";"2023-07-06 00:00:00";"In Consegna"
63;"2022-08-19 00:00:00";2760;323;4;27.65;4032;"Corriere Express";"2023-05-08 00:00:00";"Consegna Riuscita"
64;"2022-10-21 00:00:00";5089;4623;8;30.87;2071;"Posta Prioritaria";"2023-07-04 00:00:00";"Consegna Riuscita"
65;"2022-09-19 00:00:00";2245;1190;8;65.88;1493;"Posta Prioritaria";"2023-02-27 00:00:00";"In Consegna"
66;"2022-09-18 00:00:00";4023;2425;8;10.48;3482;"Posta Prioritaria";"2023-07-04 00:00:00";"In Consegna"
67;"2022-08-18 00:00:00";4858;1387;4;43.29;3249;"Posta Prioritaria";"2023-09-13 00:00:00";"Consegna Riuscita"
68;"2022-01-21 00:00:00";1736;3841;6;14.41;3481;"Corriere Express";"2023-09-13 00:00:00";"Consegna Riuscita"
69;"2022-05-07 00:00:00";2079;2333;2;74.03;1842;"Posta Prioritaria";"2023-04-03 00:00:00";"In Consegna"
70;"2022-02-12 00:00:00";5083;431;1;14.24;3166;"Corriere Express";"2023-10-22 00:00:00";"Consegna Riuscita"
71;"2022-06-25 00:00:00";740;4974;3;54.64;2752;"Corriere Express";"2023-05-08 00:00:00";"Consegna Riuscita"
72;"2022-08-27 00:00:00";3429;3149;7;21.1;204;"Corriere Express";"2023-10-04 00:00:00";"Consegna Riuscita"
73;"2022-11-28 00:00:00";2149;1363;8;52.46;2305;"Posta Prioritaria";"2023-07-18 00:00:00";"In Consegna"
74;"2022-10-21 00:00:00";159;4747;6;99.83;3374;"Posta Prioritaria";"2023-05-27 00:00:00";"In Consegna"
75;"2022-07-11 00:00:00";4902;564;3;30.75;190;"Posta Prioritaria";"2023-04-21 00:00:00";"In Consegna"
76;"2022-11-13 00:00:00";3881;3567;6;25.23;39;"Posta Prioritaria";"2023-07-03 00:00:00";"In Consegna"
77;"2022-02-14 00:00:00";3154;1077;1;74.72;3795;"Corriere Express";"2023-04-22 00:00:00";"In Consegna"
78;"2022-02-24 00:00:00";2724;4697;1;31.23;3707;"Posta Prioritaria";"2023-05-30 00:00:00";"In Consegna"
79;"2022-04-25 00:00:00";1585;53;5;86.12;971;"Corriere Express";"2023-05-06 00:00:00";"In Consegna"
80;"2022-05-25 00:00:00";4549;1019;9;50.49;4179;"Corriere Express";"2023-08-13 00:00:00";"In Consegna"
81;"2022-05-28 00:00:00";2124;3791;5;63.98;2994;"Posta Prioritaria";"2023-04-12 00:00:00";"Consegna Riuscita"
82;"2022-01-07 00:00:00";3226;739;5;53.08;4197;"Posta Prioritaria";"2023-05-05 00:00:00";"Consegna Riuscita"
83;"2022-03-07 00:00:00";4955;4360;3;32.7;4640;"Posta Prioritaria";"2023-10-04 00:00:00";"Consegna Riuscita"
84;"2022-10-29 00:00:00";3407;4361;6;86.94;1209;"Posta Prioritaria";"2023-10-12 00:00:00";"Consegna Riuscita"
85;"2022-02-25 00:00:00";884;4874;1;92.31;3510;"Posta Prioritaria";"2023-07-23 00:00:00";"In Consegna"
86;"2022-05-06 00:00:00";444;1204;5;22.12;3072;"Corriere Express";"2023-01-24 00:00:00";"Consegna Riuscita"
87;"2022-02-15 00:00:00";3221;771;3;11.43;1076;"Posta Prioritaria";"2023-12-29 00:00:00";"Consegna Riuscita"
88;"2022-08-11 00:00:00";1404;3056;2;18.45;1326;"Corriere Express";"2023-11-19 00:00:00";"In Consegna"
89;"2022-10-12 00:00:00";1000;256;8;17.0;1147;"Posta Prioritaria";"2023-10-08 00:00:00";"Consegna Riuscita"
90;"2022-08-25 00:00:00";2646;2436;5;11.86;127;"Corriere Express";"2023-08-19 00:00:00";"Consegna Riuscita"
91;"2022-07-16 00:00:00";3414;655;5;99.32;4224;"Corriere Express";"2023-10-29 00:00:00";"Consegna Riuscita"
92;"2022-08-23 00:00:00";4333;2418;7;44.73;905;"Posta Prioritaria";"2023-11-12 00:00:00";"In Consegna"
93;"2022-04-22 00:00:00";2947;2266;8;12.64;1260;"Corriere Express";"2023-01-20 00:00:00";"In Consegna"
94;"2022-11-05 00:00:00";3588;4010;7;73.21;4247;"Posta Prioritaria";"2023-10-18 00:00:00";"Consegna Riuscita"
95;"2022-08-17 00:00:00";3405;3304;7;39.98;189;"Posta Prioritaria";"2023-10-11 00:00:00";"Consegna Riuscita"
96;"2022-04-17 00:00:00";4592;3050;8;83.08;3087;"Corriere Express";"2023-09-08 00:00:00";"In Consegna"
97;"2022-03-16 00:00:00";3375;638;2;54.16;1908;"Posta Prioritaria";"2023-01-20 00:00:00";"Consegna Riuscita"
98;"2022-12-24 00:00:00";3869;4949;8;74.39;4089;"Posta Prioritaria";"2023-01-06 00:00:00";"In Consegna"
99;"2022-11-23 00:00:00";1530;2144;4;34.01;2805;"Posta Prioritaria";"2023-06-08 00:00:00";"In Consegna"
100;"2022-01-03 00:00:00";4409;1916;1;84.41;4637;"Posta Prioritaria";"2023-07-30 00:00:00";"In Consegna"
101;"2022-06-07 00:00:00";5012;3231;8;80.73;2500;"Posta Prioritaria";"2023-05-17 00:00:00";"Consegna Riuscita"
102;"2022-12-31 00:00:00";3098;3152;5;18.11;228;"Corriere Express";"2023-07-03 00:00:00";"Consegna Riuscita"
103;"2022-06-05 00:00:00";2373;3419;4;55.03;830;"Posta Prioritaria";"2023-06-12 00:00:00";"In Consegna"
104;"2022-04-13 00:00:00";4207;1920;4;76.62;2762;"Corriere Express";"2023-01-05 00:00:00";"Consegna Riuscita"
105;"2022-10-06 00:00:00";1148;1050;1;18.09;991;"Corriere Express";"2023-09-18 00:00:00";"Consegna Riuscita"
106;"2022-11-07 00:00:00";3746;1071;3;49.78;4273;"Posta Prioritaria";"2023-01-14 00:00:00";"Consegna Riuscita"
107;"2022-03-04 00:00:00";2832;3052;6;59.43;1894;"Posta Prioritaria";"2023-05-26 00:00:00";"Consegna Riuscita"
108;"2022-02-19 00:00:00";2386;4384;8;52.0;184;"Posta Prioritaria";"2023-12-15 00:00:00";"In Consegna"
109;"2022-02-19 00:00:00";1406;3203;8;97.58;4613;"Corriere Express";"2023-01-18 00:00:00";"Consegna Riuscita"
110;"2022-11-08 00:00:00";1368;4688;2;97.29;4202;"Posta Prioritaria";"2023-08-29 00:00:00";"In Consegna"
111;"2022-10-05 00:00:00";1149;3585;3;52.33;682;"Corriere Express";"2023-03-16 00:00:00";"Consegna Riuscita"
112;"2022-03-19 00:00:00";1346;4676;3;43.87;3283;"Posta Prioritaria";"2023-12-12 00:00:00";"Consegna Riuscita"
113;"2022-11-05 00:00:00";2292;478;8;83.19;3589;"Posta Prioritaria";"2023-09-30 00:00:00";"In Consegna"
114;"2022-07-07 00:00:00";4983;1278;4;65.61;1770;"Posta Prioritaria";"2023-01-16 00:00:00";"In Consegna"
115;"2022-11-14 00:00:00";1842;2528;8;97.22;4420;"Corriere Express";"2023-06-28 00:00:00";"Consegna Riuscita"
116;"2022-01-26 00:00:00";4399;1421;9;58.22;315;"Corriere Express";"2023-11-14 00:00:00";"In Consegna"
117;"2022-12-25 00:00:00";1082;4984;6;60.22;2196;"Corriere Express";"2023-01-17 00:00:00";"In Consegna"
118;"2022-01-10 00:00:00";689;3829;3;98.31;4879;"Posta Prioritaria";"2023-05-26 00:00:00";"In Consegna"
119;"2022-10-20 00:00:00";2358;4114;5;45.42;452;"Corriere Express";"2023-03-23 00:00:00";"In Consegna"
120;"2022-03-12 00:00:00";4196;2274;6;47.61;4740;"Posta Prioritaria";"2023-04-30 00:00:00";"In Consegna"
121;"2022-12-15 00:00:00";181;3458;6;56.1;508;"Posta Prioritaria";"2023-07-23 00:00:00";"Consegna Riuscita"
122;"2022-03-16 00:00:00";1840;1911;3;61.89;1249;"Posta Prioritaria";"2023-07-31 00:00:00";"Consegna Riuscita"
123;"2022-09-21 00:00:00";4822;1064;6;73.65;331;"Corriere Express";"2023-06-29 00:00:00";"In Consegna"
124;"2022-11-11 00:00:00";1754;2217;2;48.75;337;"Posta Prioritaria";"2023-10-14 00:00:00";"Consegna Riuscita"
125;"2022-04-04 00:00:00";4922;4375;6;34.72;2296;"Corriere Express";"2023-03-25 00:00:00";"Consegna Riuscita"
126;"2022-07-14 00:00:00";4267;90;3;36.12;2274;"Corriere Express";"2023-06-18 00:00:00";"In Consegna"
127;"2022-05-12 00:00:00";3061;2111;6;91.44;979;"Corriere Express";"2023-06-22 00:00:00";"In Consegna"
128;"2022-08-30 00:00:00";2091;2153;4;30.69;4889;"Posta Prioritaria";"2023-02-28 00:00:00";"Consegna Riuscita"
129;"2022-03-08 00:00:00";2962;3228;5;27.12;3022;"Posta Prioritaria";"2023-09-27 00:00:00";"Consegna Riuscita"
130;"2022-08-01 00:00:00";2463;4489;5;48.82;4761;"Posta Prioritaria";"2023-03-10 00:00:00";"In Consegna"
131;"2022-11-23 00:00:00";1015;4580;2;22.09;1347;"Posta Prioritaria";"2023-09-25 00:00:00";"In Consegna"
132;"2022-06-20 00:00:00";3078;1881;1;68.2;2238;"Posta Prioritaria";"2023-02-07 00:00:00";"Consegna Riuscita"
133;"2022-11-21 00:00:00";1817;1425;6;30.28;2799;"Posta Prioritaria";"2023-03-14 00:00:00";"Consegna Riuscita"
134;"2022-03-11 00:00:00";723;3405;5;35.95;946;"Corriere Express";"2023-12-26 00:00:00";"Consegna Riuscita"
135;"2022-08-09 00:00:00";2404;1158;8;36.99;4178;"Corriere Express";"2023-04-20 00:00:00";"Consegna Riuscita"
136;"2022-01-12 00:00:00";3348;4832;1;73.53;477;"Posta Prioritaria";"2023-04-29 00:00:00";"Consegna Riuscita"
137;"2022-09-02 00:00:00";2801;1705;5;79.38;806;"Corriere Express";"2023-02-25 00:00:00";"Consegna Riuscita"
138;"2022-07-22 00:00:00";1761;3369;7;95.39;3097;"Posta Prioritaria";"2023-09-22 00:00:00";"Consegna Riuscita"
139;"2022-07-23 00:00:00";2190;4656;1;98.48;3309;"Corriere Express";"2023-12-08 00:00:00";"Consegna Riuscita"
140;"2022-01-12 00:00:00";2291;3472;5;93.64;1515;"Corriere Express";"2023-05-31 00:00:00";"Consegna Riuscita"
141;"2022-05-18 00:00:00";1839;4763;6;21.58;4996;"Posta Prioritaria";"2023-02-05 00:00:00";"Consegna Riuscita"
142;"2022-03-12 00:00:00";344;2664;2;50.0;199;"Corriere Express";"2023-11-03 00:00:00";"Consegna Riuscita"
143;"2022-01-23 00:00:00";2348;599;2;30.11;3655;"Corriere Express";"2023-09-28 00:00:00";"In Consegna"
144;"2022-04-29 00:00:00";2323;3170;5;45.7;2192;"Posta Prioritaria";"2023-02-23 00:00:00";"Consegna Riuscita"
145;"2022-11-09 00:00:00";915;2905;7;96.52;3951;"Corriere Express";"2023-09-09 00:00:00";"In Consegna"
146;"2022-12-17 00:00:00";1665;331;6;75.71;2010;"Posta Prioritaria";"2023-05-27 00:00:00";"In Consegna"
147;"2022-10-23 00:00:00";4201;4282;5;11.75;1788;"Posta Prioritaria";"2023-12-30 00:00:00";"Consegna Riuscita"
148;"2022-06-23 00:00:00";4117;46;4;60.37;3232;"Corriere Express";"2023-10-20 00:00:00";"In Consegna"
149;"2022-09-07 00:00:00";604;1209;4;32.5;2263;"Corriere Express";"2023-12-19 00:00:00";"In Consegna"
150;"2022-12-25 00:00:00";5064;1888;2;57.48;158;"Posta Prioritaria";"2023-12-15 00:00:00";"In Consegna"
151;"2022-05-17 00:00:00";2517;4224;5;32.44;62;"Corriere Express";"2023-04-15 00:00:00";"Consegna Riuscita"
152;"2022-05-26 00:00:00";4953;4680;5;93.51;378;"Corriere Express";"2023-03-14 00:00:00";"In Consegna"
153;"2022-10-14 00:00:00";3010;4978;5;44.96;3657;"Posta Prioritaria";"2023-08-07 00:00:00";"In Consegna"
154;"2022-04-20 00:00:00";2065;2735;6;88.62;3373;"Posta Prioritaria";"2023-03-27 00:00:00";"In Consegna"
155;"2022-02-13 00:00:00";682;2706;5;90.52;4374;"Corriere Express";"2023-11-28 00:00:00";"In Consegna"
156;"2022-06-30 00:00:00";755;747;7;42.25;226;"Corriere Express";"2023-07-18 00:00:00";"In Consegna"
157;"2022-04-04 00:00:00";3661;1007;4;24.54;872;"Posta Prioritaria";"2023-12-29 00:00:00";"Consegna Riuscita"
158;"2022-12-04 00:00:00";3006;4755;1;65.22;1638;"Corriere Express";"2023-10-03 00:00:00";"Consegna Riuscita"
159;"2022-10-16 00:00:00";555;2771;9;23.97;4125;"Corriere Express";"2023-12-25 00:00:00";"In Consegna"
160;"2022-03-18 00:00:00";2427;3401;5;14.2;171;"Posta Prioritaria";"2023-11-18 00:00:00";"In Consegna"
161;"2022-05-09 00:00:00";582;2098;4;63.22;1397;"Corriere Express";"2023-06-29 00:00:00";"Consegna Riuscita"
162;"2022-02-15 00:00:00";4080;1364;5;28.43;3187;"Corriere Express";"2023-09-30 00:00:00";"Consegna Riuscita"
163;"2022-12-05 00:00:00";4577;835;3;31.85;4416;"Posta Prioritaria";"2023-06-03 00:00:00";"Consegna Riuscita"
164;"2022-04-23 00:00:00";1829;3670;4;46.27;4394;"Corriere Express";"2023-11-02 00:00:00";"Consegna Riuscita"
165;"2022-02-17 00:00:00";4682;1324;7;45.62;2010;"Posta Prioritaria";"2023-05-27 00:00:00";"In Consegna"
166;"2022-12-16 00:00:00";609;4255;3;69.76;4675;"Corriere Express";"2023-07-10 00:00:00";"In Consegna"
167;"2022-02-12 00:00:00";397;1974;5;80.34;2611;"Corriere Express";"2023-11-05 00:00:00";"Consegna Riuscita"
168;"2022-04-20 00:00:00";507;2291;7;92.27;877;"Corriere Express";"2023-06-17 00:00:00";"In Consegna"
169;"2022-06-23 00:00:00";4451;485;9;93.0;4158;"Corriere Express";"2023-06-21 00:00:00";"Consegna Riuscita"
170;"2022-07-13 00:00:00";3151;2845;5;20.74;1086;"Corriere Express";"2023-10-30 00:00:00";"In Consegna"
171;"2022-02-18 00:00:00";2750;1249;6;38.36;1521;"Corriere Express";"2023-10-09 00:00:00";"In Consegna"
172;"2022-05-23 00:00:00";506;541;9;26.03;4016;"Corriere Express";"2023-07-25 00:00:00";"Consegna Riuscita"
173;"2022-01-18 00:00:00";3442;511;8;63.34;1097;"Posta Prioritaria";"2023-12-24 00:00:00";"In Consegna"
174;"2022-11-13 00:00:00";3780;242;5;66.77;4832;"Posta Prioritaria";"2023-08-27 00:00:00";"Consegna Riuscita"
175;"2022-05-09 00:00:00";3019;267;7;78.07;4903;"Posta Prioritaria";"2023-04-08 00:00:00";"In Consegna"
176;"2022-08-03 00:00:00";579;27;6;88.66;1575;"Corriere Express";"2023-06-14 00:00:00";"In Consegna"
177;"2022-03-18 00:00:00";3554;1913;2;26.95;3754;"Posta Prioritaria";"2023-08-27 00:00:00";"Consegna Riuscita"
178;"2022-08-13 00:00:00";4923;4063;3;53.0;2601;"Corriere Express";"2023-05-11 00:00:00";"In Consegna"
179;"2022-01-01 00:00:00";3248;4293;8;16.22;3370;"Posta Prioritaria";"2023-06-04 00:00:00";"In Consegna"
180;"2022-12-25 00:00:00";593;3421;2;51.13;988;"Corriere Express";"2023-04-17 00:00:00";"In Consegna"
181;"2022-06-19 00:00:00";4868;4776;3;87.71;4728;"Corriere Express";"2023-10-29 00:00:00";"In Consegna"
182;"2022-03-12 00:00:00";5054;101;7;21.26;2251;"Posta Prioritaria";"2023-07-15 00:00:00";"In Consegna"
183;"2022-04-22 00:00:00";4715;3251;5;96.78;2757;"Posta Prioritaria";"2023-08-27 00:00:00";"In Consegna"
184;"2022-03-15 00:00:00";2621;3690;3;99.46;4127;"Corriere Express";"2023-01-31 00:00:00";"In Consegna"
185;"2022-04-20 00:00:00";2611;631;3;83.53;4200;"Corriere Express";"2023-03-26 00:00:00";"In Consegna"
186;"2022-06-16 00:00:00";4514;873;4;30.81;3452;"Corriere Express";"2023-01-19 00:00:00";"Consegna Riuscita"
187;"2022-03-19 00:00:00";4659;4481;9;65.58;3076;"Posta Prioritaria";"2023-09-26 00:00:00";"Consegna Riuscita"
188;"2022-01-21 00:00:00";4879;4182;1;14.14;3963;"Posta Prioritaria";"2023-09-25 00:00:00";"In Consegna"
189;"2022-06-11 00:00:00";4485;3277;4;19.9;4103;"Corriere Express";"2023-08-19 00:00:00";"In Consegna"
190;"2022-08-15 00:00:00";559;523;5;42.36;996;"Posta Prioritaria";"2023-09-20 00:00:00";"Consegna Riuscita"
191;"2022-08-30 00:00:00";3153;4976;8;67.06;3781;"Corriere Express";"2023-03-18 00:00:00";"In Consegna"
192;"2022-02-22 00:00:00";262;1387;4;42.47;3211;"Corriere Express";"2023-08-05 00:00:00";"In Consegna"
193;"2022-12-10 00:00:00";348;4110;2;60.54;3144;"Posta Prioritaria";"2023-11-26 00:00:00";"In Consegna"
194;"2022-12-15 00:00:00";2475;115;9;76.16;3536;"Corriere Express";"2023-10-03 00:00:00";"Consegna Riuscita"
195;"2022-01-23 00:00:00";5067;3350;5;87.52;499;"Corriere Express";"2023-06-22 00:00:00";"Consegna Riuscita"
196;"2022-10-03 00:00:00";2610;1305;2;21.77;4237;"Corriere Express";"2023-06-27 00:00:00";"In Consegna"
197;"2022-07-09 00:00:00";4986;13;8;67.98;805;"Posta Prioritaria";"2023-04-14 00:00:00";"Consegna Riuscita"
198;"2022-08-27 00:00:00";2563;4176;2;87.78;2570;"Corriere Express";"2023-02-17 00:00:00";"Consegna Riuscita"
199;"2022-05-12 00:00:00";1323;2484;8;86.83;4939;"Corriere Express";"2023-08-15 00:00:00";"Consegna Riuscita"
200;"2022-12-21 00:00:00";4157;1438;8;74.84;2405;"Corriere Express";"2023-10-19 00:00:00";"Consegna Riuscita"
201;"2022-03-16 00:00:00";1489;4835;7;69.2;138;"Corriere Express";"2023-06-18 00:00:00";"Consegna Riuscita"
202;"2022-05-11 00:00:00";2082;686;5;12.82;2265;"Corriere Express";"2023-07-20 00:00:00";"Consegna Riuscita"
203;"2022-12-12 00:00:00";1978;3986;7;82.72;410;"Corriere Express";"2023-06-10 00:00:00";"Consegna Riuscita"
204;"2022-11-11 00:00:00";1394;4671;7;67.08;1795;"Posta Prioritaria";"2023-08-10 00:00:00";"In Consegna"
205;"2022-09-18 00:00:00";1387;3939;1;15.8;4797;"Corriere Express";"2023-03-15 00:00:00";"Consegna Riuscita"
206;"2022-09-26 00:00:00";2716;443;8;39.55;2722;"Posta Prioritaria";"2023-03-31 00:00:00";"In Consegna"
207;"2022-02-14 00:00:00";1228;4566;1;10.36;2079;"Posta Prioritaria";"2023-05-09 00:00:00";"In Consegna"
208;"2022-04-21 00:00:00";1859;2608;9;43.09;1714;"Posta Prioritaria";"2023-12-26 00:00:00";"Consegna Riuscita"
209;"2022-09-08 00:00:00";3521;4981;5;30.51;2396;"Posta Prioritaria";"2023-02-24 00:00:00";"In Consegna"
210;"2022-11-06 00:00:00";2215;669;8;59.02;2001;"Corriere Express";"2023-09-22 00:00:00";"Consegna Riuscita"
211;"2022-08-29 00:00:00";368;1016;2;16.69;4104;"Posta Prioritaria";"2023-04-14 00:00:00";"In Consegna"
212;"2022-03-11 00:00:00";3659;320;5;40.74;1323;"Posta Prioritaria";"2023-11-06 00:00:00";"In Consegna"
213;"2022-01-26 00:00:00";2891;1672;6;88.62;2114;"Posta Prioritaria";"2023-01-26 00:00:00";"Consegna Riuscita"
214;"2022-01-21 00:00:00";1160;1202;3;99.85;1775;"Posta Prioritaria";"2023-08-23 00:00:00";"In Consegna"
215;"2022-11-22 00:00:00";2416;39;2;34.28;223;"Corriere Express";"2023-11-16 00:00:00";"Consegna Riuscita"
216;"2022-11-08 00:00:00";1191;1046;4;81.19;749;"Corriere Express";"2023-06-20 00:00:00";"In Consegna"
217;"2022-10-18 00:00:00";2890;737;1;97.39;909;"Corriere Express";"2023-05-16 00:00:00";"Consegna Riuscita"
218;"2022-09-28 00:00:00";3406;1211;7;26.21;1923;"Posta Prioritaria";"2023-04-28 00:00:00";"Consegna Riuscita"
219;"2022-12-12 00:00:00";1359;1630;9;57.64;1878;"Posta Prioritaria";"2023-04-13 00:00:00";"In Consegna"
220;"2022-07-03 00:00:00";3577;1594;1;90.95;2299;"Posta Prioritaria";"2023-07-24 00:00:00";"Consegna Riuscita"
221;"2022-12-16 00:00:00";2651;477;5;98.55;335;"Corriere Express";"2023-07-03 00:00:00";"In Consegna"
222;"2022-05-02 00:00:00";3846;4355;8;86.94;2059;"Corriere Express";"2023-05-09 00:00:00";"In Consegna"
223;"2022-08-07 00:00:00";1354;473;1;11.78;24;"Posta Prioritaria";"2023-06-17 00:00:00";"Consegna Riuscita"
224;"2022-05-12 00:00:00";5087;3405;4;30.65;3042;"Corriere Express";"2023-08-29 00:00:00";"Consegna Riuscita"
225;"2022-04-01 00:00:00";3551;3499;2;67.73;4147;"Posta Prioritaria";"2023-05-05 00:00:00";"In Consegna"
226;"2022-10-27 00:00:00";1027;1252;8;69.47;4401;"Posta Prioritaria";"2023-07-08 00:00:00";"In Consegna"
227;"2022-12-07 00:00:00";4862;3072;5;23.41;1561;"Posta Prioritaria";"2023-02-28 00:00:00";"Consegna Riuscita"
228;"2022-08-12 00:00:00";984;2317;4;63.13;2387;"Corriere Express";"2023-12-25 00:00:00";"Consegna Riuscita"
229;"2022-11-29 00:00:00";3446;217;9;65.65;2346;"Corriere Express";"2023-06-09 00:00:00";"In Consegna"
230;"2022-04-29 00:00:00";2949;2240;2;25.21;2078;"Corriere Express";"2023-08-10 00:00:00";"In Consegna"
231;"2022-07-08 00:00:00";3838;4516;3;89.22;2312;"Corriere Express";"2023-04-16 00:00:00";"Consegna Riuscita"
232;"2022-03-14 00:00:00";4929;3262;1;77.86;2860;"Corriere Express";"2023-03-28 00:00:00";"Consegna Riuscita"
233;"2022-08-31 00:00:00";3740;909;7;95.6;3796;"Posta Prioritaria";"2023-12-31 00:00:00";"In Consegna"
234;"2022-09-15 00:00:00";1785;2196;3;80.74;3509;"Corriere Express";"2023-03-06 00:00:00";"In Consegna"
235;"2022-11-22 00:00:00";3307;3001;6;47.09;128;"Corriere Express";"2023-08-11 00:00:00";"Consegna Riuscita"
236;"2022-03-08 00:00:00";447;4661;1;53.45;1704;"Corriere Express";"2023-04-03 00:00:00";"In Consegna"
237;"2022-12-26 00:00:00";4774;1967;4;46.57;1751;"Corriere Express";"2023-03-21 00:00:00";"In Consegna"
238;"2022-09-21 00:00:00";1241;1262;3;30.24;4275;"Corriere Express";"2023-01-20 00:00:00";"Consegna Riuscita"
239;"2022-07-10 00:00:00";2948;632;1;49.28;709;"Corriere Express";"2023-02-27 00:00:00";"In Consegna"
240;"2022-05-15 00:00:00";1819;2079;6;42.35;3590;"Posta Prioritaria";"2023-05-22 00:00:00";"In Consegna"
241;"2022-06-14 00:00:00";3960;2899;6;28.81;4480;"Posta Prioritaria";"2023-09-08 00:00:00";"Consegna Riuscita"
242;"2022-03-22 00:00:00";4611;853;9;13.67;4123;"Corriere Express";"2023-07-23 00:00:00";"Consegna Riuscita"
243;"2022-11-24 00:00:00";2876;4309;2;68.64;1464;"Corriere Express";"2023-05-30 00:00:00";"In Consegna"
244;"2022-09-10 00:00:00";2384;1352;2;39.75;2307;"Corriere Express";"2023-09-12 00:00:00";"In Consegna"
245;"2022-06-01 00:00:00";686;374;7;26.45;4975;"Posta Prioritaria";"2023-02-23 00:00:00";"In Consegna"
246;"2022-09-02 00:00:00";1426;1886;7;74.92;1;"Posta Prioritaria";"2023-07-10 00:00:00";"In Consegna"
247;"2022-05-11 00:00:00";463;3846;4;31.87;3253;"Posta Prioritaria";"2023-02-06 00:00:00";"In Consegna"
248;"2022-11-29 00:00:00";4413;970;3;85.67;3995;"Corriere Express";"2023-09-06 00:00:00";"In Consegna"
249;"2022-02-24 00:00:00";3852;851;9;18.45;2597;"Corriere Express";"2023-12-03 00:00:00";"In Consegna"
250;"2022-04-04 00:00:00";1341;4936;5;31.74;2724;"Posta Prioritaria";"2023-09-08 00:00:00";"In Consegna"
251;"2022-01-28 00:00:00";1290;826;4;26.66;3750;"Corriere Express";"2023-05-16 00:00:00";"In Consegna"
252;"2022-03-02 00:00:00";5052;994;5;91.89;1223;"Corriere Express";"2023-10-01 00:00:00";"Consegna Riuscita"
253;"2022-04-10 00:00:00";4472;3443;4;21.99;3916;"Corriere Express";"2023-06-12 00:00:00";"In Consegna"
254;"2022-02-05 00:00:00";3301;4116;1;81.94;2115;"Posta Prioritaria";"2023-09-19 00:00:00";"In Consegna"
255;"2022-12-23 00:00:00";3354;4063;4;94.7;3863;"Posta Prioritaria";"2023-05-25 00:00:00";"In Consegna"
256;"2022-12-16 00:00:00";936;2639;1;12.24;1197;"Corriere Express";"2023-11-16 00:00:00";"In Consegna"
257;"2022-06-29 00:00:00";2352;4308;6;48.43;4260;"Corriere Express";"2023-08-15 00:00:00";"In Consegna"
258;"2022-09-17 00:00:00";1504;2676;8;94.32;1335;"Posta Prioritaria";"2023-11-03 00:00:00";"Consegna Riuscita"
259;"2022-03-07 00:00:00";1631;3116;7;50.8;2159;"Corriere Express";"2023-12-14 00:00:00";"Consegna Riuscita"
260;"2022-03-15 00:00:00";4444;615;4;67.95;751;"Posta Prioritaria";"2023-07-06 00:00:00";"In Consegna"
261;"2022-09-28 00:00:00";754;3078;7;42.67;3179;"Corriere Express";"2023-11-14 00:00:00";"Consegna Riuscita"
262;"2022-08-31 00:00:00";2564;3751;4;11.07;4306;"Corriere Express";"2023-12-23 00:00:00";"Consegna Riuscita"
263;"2022-03-10 00:00:00";3257;4045;3;68.03;236;"Posta Prioritaria";"2023-10-26 00:00:00";"In Consegna"
264;"2022-04-09 00:00:00";4406;3544;4;89.13;3156;"Corriere Express";"2023-10-12 00:00:00";"In Consegna"
265;"2022-06-23 00:00:00";3969;3683;4;88.88;3688;"Corriere Express";"2023-04-28 00:00:00";"In Consegna"
266;"2022-05-26 00:00:00";5053;1429;9;35.07;217;"Posta Prioritaria";"2023-06-28 00:00:00";"In Consegna"
267;"2022-09-24 00:00:00";2702;3404;1;57.56;1333;"Corriere Express";"2023-08-12 00:00:00";"Consegna Riuscita"
268;"2022-05-12 00:00:00";856;981;8;39.89;2512;"Corriere Express";"2023-10-03 00:00:00";"In Consegna"
269;"2022-02-24 00:00:00";1306;2454;5;57.97;4005;"Corriere Express";"2023-09-24 00:00:00";"In Consegna"
270;"2022-04-24 00:00:00";2180;2011;7;50.97;4374;"Corriere Express";"2023-11-28 00:00:00";"In Consegna"
271;"2022-05-30 00:00:00";3181;3668;6;46.3;1906;"Corriere Express";"2023-02-14 00:00:00";"In Consegna"
272;"2022-02-06 00:00:00";3995;3035;8;74.24;3579;"Corriere Express";"2024-01-01 00:00:00";"Consegna Riuscita"
273;"2022-04-29 00:00:00";4573;3786;8;64.86;463;"Posta Prioritaria";"2023-10-24 00:00:00";"In Consegna"
274;"2022-03-21 00:00:00";4654;3723;6;52.46;480;"Corriere Express";"2023-10-29 00:00:00";"In Consegna"
275;"2022-04-16 00:00:00";2967;1643;3;72.15;1302;"Corriere Express";"2023-01-26 00:00:00";"Consegna Riuscita"
276;"2022-01-31 00:00:00";3119;2518;6;95.4;533;"Corriere Express";"2023-01-10 00:00:00";"Consegna Riuscita"
277;"2022-12-25 00:00:00";4306;383;8;15.12;2588;"Corriere Express";"2023-10-01 00:00:00";"In Consegna"
278;"2022-03-09 00:00:00";1501;2242;9;28.29;3095;"Posta Prioritaria";"2023-06-12 00:00:00";"Consegna Riuscita"
279;"2022-04-30 00:00:00";2717;45;8;32.77;1976;"Corriere Express";"2023-01-12 00:00:00";"In Consegna"
280;"2022-08-14 00:00:00";3527;152;7;42.81;705;"Corriere Express";"2023-03-14 00:00:00";"Consegna Riuscita"
281;"2022-06-22 00:00:00";311;3507;9;32.96;1975;"Posta Prioritaria";"2023-01-21 00:00:00";"In Consegna"
282;"2022-06-03 00:00:00";2116;4826;5;27.54;1711;"Corriere Express";"2023-06-06 00:00:00";"Consegna Riuscita"
283;"2022-12-25 00:00:00";615;4111;5;93.32;3556;"Posta Prioritaria";"2023-12-22 00:00:00";"Consegna Riuscita"
284;"2022-05-06 00:00:00";3396;4458;1;50.89;2934;"Corriere Express";"2023-12-16 00:00:00";"Consegna Riuscita"
285;"2022-01-31 00:00:00";871;4326;3;16.02;2543;"Corriere Express";"2023-04-04 00:00:00";"In Consegna"
286;"2022-04-12 00:00:00";1757;4534;6;79.59;4733;"Corriere Express";"2023-10-21 00:00:00";"In Consegna"
287;"2022-11-20 00:00:00";4023;730;5;65.76;671;"Corriere Express";"2023-10-06 00:00:00";"Consegna Riuscita"
288;"2022-11-04 00:00:00";3134;4131;3;45.54;4830;"Corriere Express";"2023-03-29 00:00:00";"Consegna Riuscita"
289;"2022-01-31 00:00:00";3529;1171;4;83.12;2416;"Corriere Express";"2023-01-28 00:00:00";"In Consegna"
290;"2022-01-04 00:00:00";4370;3830;9;44.49;1452;"Posta Prioritaria";"2023-12-11 00:00:00";"In Consegna"
291;"2022-04-01 00:00:00";840;3936;9;69.89;2579;"Corriere Express";"2023-10-31 00:00:00";"Consegna Riuscita"
292;"2022-05-07 00:00:00";4774;215;5;16.95;3771;"Posta Prioritaria";"2023-07-19 00:00:00";"Consegna Riuscita"
293;"2022-03-03 00:00:00";1848;3240;9;84.02;2437;"Posta Prioritaria";"2023-10-29 00:00:00";"Consegna Riuscita"
294;"2022-06-27 00:00:00";856;1909;8;62.0;1763;"Corriere Express";"2023-10-28 00:00:00";"In Consegna"
295;"2022-09-18 00:00:00";827;3751;7;25.93;4133;"Corriere Express";"2023-05-03 00:00:00";"In Consegna"
296;"2022-01-25 00:00:00";1186;2766;9;66.5;3375;"Corriere Express";"2023-09-21 00:00:00";"In Consegna"
297;"2022-09-15 00:00:00";475;2942;2;13.71;1349;"Corriere Express";"2023-05-05 00:00:00";"In Consegna"
298;"2022-11-30 00:00:00";1006;4242;2;42.75;2193;"Posta Prioritaria";"2023-08-31 00:00:00";"Consegna Riuscita"
299;"2022-04-06 00:00:00";570;1639;7;66.72;4198;"Posta Prioritaria";"2023-11-26 00:00:00";"Consegna Riuscita"
300;"2022-06-13 00:00:00";4410;1989;3;20.24;409;"Posta Prioritaria";"2023-08-14 00:00:00";"In Consegna"
301;"2022-08-18 00:00:00";2907;1728;8;88.67;3558;"Posta Prioritaria";"2023-07-27 00:00:00";"In Consegna"
302;"2022-05-23 00:00:00";1722;4729;3;78.79;1315;"Posta Prioritaria";"2023-07-30 00:00:00";"Consegna Riuscita"
303;"2022-09-30 00:00:00";4010;4266;9;53.11;4473;"Corriere Express";"2023-05-22 00:00:00";"Consegna Riuscita"
304;"2022-10-30 00:00:00";4747;1428;4;52.04;1345;"Corriere Express";"2023-10-10 00:00:00";"Consegna Riuscita"
305;"2022-08-29 00:00:00";1926;3337;7;85.66;2884;"Corriere Express";"2023-12-26 00:00:00";"In Consegna"
306;"2022-08-29 00:00:00";270;202;5;97.61;3634;"Corriere Express";"2023-12-09 00:00:00";"Consegna Riuscita"
307;"2022-03-30 00:00:00";2703;328;9;71.3;3804;"Posta Prioritaria";"2023-10-20 00:00:00";"In Consegna"
308;"2022-09-08 00:00:00";4794;2510;3;94.49;114;"Posta Prioritaria";"2023-10-07 00:00:00";"Consegna Riuscita"
309;"2022-07-02 00:00:00";1138;353;5;43.73;2223;"Corriere Express";"2023-12-17 00:00:00";"Consegna Riuscita"
310;"2022-11-04 00:00:00";2651;1215;6;46.46;1706;"Corriere Express";"2023-05-26 00:00:00";"In Consegna"
311;"2022-03-12 00:00:00";643;2439;6;39.94;4523;"Corriere Express";"2023-03-23 00:00:00";"Consegna Riuscita"
312;"2022-08-18 00:00:00";669;1987;2;19.21;3058;"Posta Prioritaria";"2023-01-18 00:00:00";"Consegna Riuscita"
313;"2022-04-07 00:00:00";1777;2105;6;97.96;4372;"Corriere Express";"2023-07-22 00:00:00";"Consegna Riuscita"
314;"2022-04-20 00:00:00";251;995;6;38.41;346;"Posta Prioritaria";"2023-08-06 00:00:00";"In Consegna"
315;"2022-10-30 00:00:00";3855;2856;6;36.79;2922;"Corriere Express";"2023-06-16 00:00:00";"In Consegna"
316;"2022-04-22 00:00:00";342;1042;2;82.87;1417;"Corriere Express";"2023-08-10 00:00:00";"Consegna Riuscita"
317;"2022-03-06 00:00:00";1458;1123;6;62.14;1214;"Posta Prioritaria";"2023-08-20 00:00:00";"Consegna Riuscita"
318;"2022-02-07 00:00:00";4882;3896;4;58.57;209;"Posta Prioritaria";"2023-07-26 00:00:00";"Consegna Riuscita"
319;"2022-08-31 00:00:00";1782;2525;6;78.4;4157;"Corriere Express";"2023-08-04 00:00:00";"Consegna Riuscita"
320;"2022-07-28 00:00:00";1612;1750;5;56.09;524;"Corriere Express";"2023-01-20 00:00:00";"Consegna Riuscita"
321;"2022-01-02 00:00:00";2665;2978;5;93.68;4318;"Posta Prioritaria";"2023-04-15 00:00:00";"Consegna Riuscita"
322;"2022-09-29 00:00:00";3775;2039;8;52.93;4961;"Posta Prioritaria";"2023-09-28 00:00:00";"In Consegna"
323;"2022-08-29 00:00:00";4904;1787;4;64.86;3460;"Posta Prioritaria";"2023-10-29 00:00:00";"In Consegna"
324;"2022-01-05 00:00:00";125;4887;9;79.28;3854;"Corriere Express";"2023-06-11 00:00:00";"In Consegna"
325;"2022-03-16 00:00:00";1438;4515;3;32.29;4646;"Corriere Express";"2023-08-06 00:00:00";"Consegna Riuscita"
326;"2022-06-02 00:00:00";591;3825;2;53.33;3135;"Corriere Express";"2023-03-02 00:00:00";"Consegna Riuscita"
327;"2022-08-15 00:00:00";1607;747;1;88.72;4335;"Posta Prioritaria";"2023-01-25 00:00:00";"Consegna Riuscita"
328;"2022-04-30 00:00:00";4581;4107;9;34.48;2258;"Corriere Express";"2023-07-19 00:00:00";"In Consegna"
329;"2022-09-09 00:00:00";3184;668;8;81.78;4174;"Corriere Express";"2023-11-12 00:00:00";"In Consegna"
330;"2022-06-22 00:00:00";3410;1122;7;48.45;4241;"Corriere Express";"2023-02-15 00:00:00";"In Consegna"
331;"2022-04-05 00:00:00";3389;770;3;86.25;498;"Corriere Express";"2023-01-04 00:00:00";"In Consegna"
332;"2022-02-27 00:00:00";1038;4192;1;98.35;3677;"Posta Prioritaria";"2023-05-08 00:00:00";"In Consegna"
333;"2022-09-27 00:00:00";4110;316;6;57.28;2362;"Corriere Express";"2023-01-28 00:00:00";"In Consegna"
334;"2022-06-21 00:00:00";4241;3767;8;76.19;3762;"Corriere Express";"2023-06-01 00:00:00";"Consegna Riuscita"
335;"2022-06-06 00:00:00";4673;2006;1;29.68;3065;"Posta Prioritaria";"2023-12-03 00:00:00";"In Consegna"
336;"2022-06-01 00:00:00";2617;1140;8;62.33;3873;"Posta Prioritaria";"2023-10-10 00:00:00";"In Consegna"
337;"2022-11-16 00:00:00";1593;2173;5;97.25;2104;"Corriere Express";"2023-06-17 00:00:00";"In Consegna"
338;"2022-08-18 00:00:00";2429;2232;2;25.29;762;"Posta Prioritaria";"2023-11-27 00:00:00";"Consegna Riuscita"
339;"2022-12-05 00:00:00";3382;1089;2;40.93;454;"Corriere Express";"2023-06-19 00:00:00";"Consegna Riuscita"
340;"2022-04-20 00:00:00";4217;1023;6;47.65;1712;"Posta Prioritaria";"2023-12-27 00:00:00";"Consegna Riuscita"
341;"2022-04-11 00:00:00";3870;3326;4;70.0;1445;"Posta Prioritaria";"2023-12-08 00:00:00";"Consegna Riuscita"
342;"2022-10-23 00:00:00";3577;1232;9;81.75;695;"Corriere Express";"2023-01-04 00:00:00";"Consegna Riuscita"
343;"2022-05-07 00:00:00";3024;2188;3;41.41;4297;"Corriere Express";"2023-06-02 00:00:00";"In Consegna"
344;"2022-03-06 00:00:00";715;4698;5;91.94;3120;"Posta Prioritaria";"2023-10-23 00:00:00";"Consegna Riuscita"
345;"2022-12-26 00:00:00";3097;4803;2;65.04;1645;"Posta Prioritaria";"2023-07-15 00:00:00";"Consegna Riuscita"
346;"2022-12-25 00:00:00";1767;3181;5;89.73;4885;"Corriere Express";"2023-08-17 00:00:00";"Consegna Riuscita"
347;"2022-07-09 00:00:00";4225;3350;9;72.19;2915;"Posta Prioritaria";"2023-02-11 00:00:00";"In Consegna"
348;"2022-02-01 00:00:00";3480;1284;4;78.1;675;"Posta Prioritaria";"2023-07-25 00:00:00";"In Consegna"
349;"2022-10-28 00:00:00";4202;1918;9;65.9;323;"Corriere Express";"2023-05-16 00:00:00";"In Consegna"
350;"2022-03-18 00:00:00";4028;1473;4;16.61;1753;"Posta Prioritaria";"2023-12-13 00:00:00";"Consegna Riuscita"
351;"2022-03-02 00:00:00";4647;3686;1;95.95;2511;"Corriere Express";"2023-05-28 00:00:00";"Consegna Riuscita"
352;"2022-10-07 00:00:00";1635;429;7;13.22;2122;"Corriere Express";"2023-10-17 00:00:00";"In Consegna"
353;"2022-02-28 00:00:00";2100;102;4;67.15;1638;"Corriere Express";"2023-10-03 00:00:00";"Consegna Riuscita"
354;"2022-06-06 00:00:00";920;3817;4;45.04;1763;"Corriere Express";"2023-10-28 00:00:00";"In Consegna"
355;"2022-12-14 00:00:00";1456;1473;3;57.17;4115;"Corriere Express";"2023-11-09 00:00:00";"In Consegna"
356;"2022-05-19 00:00:00";2696;2351;5;21.96;257;"Posta Prioritaria";"2023-03-08 00:00:00";"In Consegna"
357;"2022-08-12 00:00:00";569;2232;6;73.09;2375;"Posta Prioritaria";"2023-11-28 00:00:00";"In Consegna"
358;"2022-11-29 00:00:00";2032;2299;7;88.86;1429;"Corriere Express";"2023-07-17 00:00:00";"In Consegna"
359;"2022-01-07 00:00:00";2342;2032;6;77.53;4165;"Corriere Express";"2023-04-25 00:00:00";"In Consegna"
360;"2022-03-16 00:00:00";2005;4081;2;90.99;2044;"Corriere Express";"2023-04-05 00:00:00";"Consegna Riuscita"
361;"2022-08-10 00:00:00";1667;891;2;69.03;3725;"Corriere Express";"2023-07-09 00:00:00";"Consegna Riuscita"
362;"2022-02-22 00:00:00";4985;1957;6;70.39;2818;"Corriere Express";"2023-01-09 00:00:00";"Consegna Riuscita"
363;"2022-01-19 00:00:00";3577;3520;7;22.09;1776;"Corriere Express";"2023-04-17 00:00:00";"Consegna Riuscita"
364;"2022-04-30 00:00:00";1076;4464;8;18.71;255;"Corriere Express";"2023-10-25 00:00:00";"Consegna Riuscita"
365;"2022-05-01 00:00:00";1063;1267;8;25.37;3797;"Posta Prioritaria";"2023-10-05 00:00:00";"Consegna Riuscita"
366;"2022-06-20 00:00:00";2485;1020;4;99.28;4042;"Corriere Express";"2023-06-14 00:00:00";"In Consegna"
367;"2022-06-09 00:00:00";4350;2800;7;64.56;101;"Corriere Express";"2023-05-16 00:00:00";"Consegna Riuscita"
368;"2022-11-05 00:00:00";478;569;2;94.08;313;"Corriere Express";"2023-01-16 00:00:00";"In Consegna"
369;"2022-12-19 00:00:00";2443;4123;1;23.75;3404;"Corriere Express";"2023-12-28 00:00:00";"Consegna Riuscita"
370;"2022-05-25 00:00:00";4107;661;4;47.13;4838;"Corriere Express";"2023-03-25 00:00:00";"In Consegna"
371;"2022-05-01 00:00:00";2256;2538;3;73.08;1998;"Posta Prioritaria";"2023-02-25 00:00:00";"Consegna Riuscita"
372;"2022-05-04 00:00:00";1547;812;2;63.94;4679;"Posta Prioritaria";"2023-04-05 00:00:00";"In Consegna"
373;"2022-02-21 00:00:00";1788;4066;6;62.44;1153;"Posta Prioritaria";"2023-10-02 00:00:00";"Consegna Riuscita"
374;"2022-07-16 00:00:00";1899;4241;6;57.01;1305;"Corriere Express";"2023-12-07 00:00:00";"Consegna Riuscita"
375;"2022-06-20 00:00:00";1521;4099;5;30.86;2563;"Corriere Express";"2023-07-26 00:00:00";"In Consegna"
376;"2022-10-28 00:00:00";2445;1584;6;76.4;3356;"Corriere Express";"2023-09-11 00:00:00";"In Consegna"
377;"2022-02-03 00:00:00";3691;1915;3;18.88;4683;"Corriere Express";"2023-08-25 00:00:00";"In Consegna"
378;"2022-10-17 00:00:00";2342;1641;4;16.43;1972;"Corriere Express";"2023-08-10 00:00:00";"In Consegna"
379;"2022-03-18 00:00:00";1731;1173;9;99.47;4875;"Posta Prioritaria";"2023-01-09 00:00:00";"In Consegna"
380;"2022-08-12 00:00:00";804;86;3;99.4;4705;"Posta Prioritaria";"2023-01-12 00:00:00";"In Consegna"
381;"2022-01-07 00:00:00";2804;4814;5;10.13;1546;"Corriere Express";"2023-07-31 00:00:00";"In Consegna"
382;"2022-08-14 00:00:00";4930;25;9;83.13;3823;"Corriere Express";"2023-10-10 00:00:00";"In Consegna"
383;"2022-11-16 00:00:00";3196;4869;6;98.38;4188;"Posta Prioritaria";"2023-03-17 00:00:00";"In Consegna"
384;"2022-06-21 00:00:00";2866;3204;2;38.06;3527;"Corriere Express";"2023-04-20 00:00:00";"Consegna Riuscita"
385;"2022-04-24 00:00:00";3954;2214;6;82.05;3622;"Corriere Express";"2023-02-25 00:00:00";"In Consegna"
386;"2022-12-15 00:00:00";4405;4242;6;23.34;3932;"Corriere Express";"2023-10-03 00:00:00";"In Consegna"
387;"2022-08-30 00:00:00";4161;4173;5;77.66;4056;"Corriere Express";"2023-08-19 00:00:00";"Consegna Riuscita"
388;"2022-06-23 00:00:00";1280;3779;4;77.51;1333;"Corriere Express";"2023-08-12 00:00:00";"Consegna Riuscita"
389;"2022-07-26 00:00:00";1339;3289;4;50.31;3750;"Corriere Express";"2023-05-16 00:00:00";"In Consegna"
390;"2022-06-12 00:00:00";2186;407;7;53.27;4112;"Corriere Express";"2023-07-21 00:00:00";"Consegna Riuscita"
391;"2022-07-19 00:00:00";4127;2070;2;11.6;3307;"Posta Prioritaria";"2023-11-20 00:00:00";"Consegna Riuscita"
392;"2022-03-24 00:00:00";4104;1095;6;51.62;2752;"Corriere Express";"2023-05-08 00:00:00";"Consegna Riuscita"
393;"2022-05-05 00:00:00";2439;2963;4;86.01;4119;"Posta Prioritaria";"2023-10-25 00:00:00";"In Consegna"
394;"2022-03-02 00:00:00";1031;4291;1;37.37;491;"Posta Prioritaria";"2023-09-08 00:00:00";"Consegna Riuscita"
395;"2022-05-12 00:00:00";4162;1725;3;71.79;1284;"Corriere Express";"2023-06-21 00:00:00";"In Consegna"
396;"2022-06-16 00:00:00";1832;4541;6;68.35;3700;"Corriere Express";"2023-11-21 00:00:00";"In Consegna"
397;"2022-09-30 00:00:00";2481;3257;8;15.34;3826;"Posta Prioritaria";"2023-11-15 00:00:00";"Consegna Riuscita"
398;"2022-05-07 00:00:00";2228;133;8;27.39;350;"Posta Prioritaria";"2023-03-14 00:00:00";"Consegna Riuscita"
399;"2022-05-02 00:00:00";3707;4757;3;13.74;2636;"Corriere Express";"2023-06-15 00:00:00";"Consegna Riuscita"
400;"2022-08-17 00:00:00";4125;2862;3;94.33;2849;"Corriere Express";"2023-04-03 00:00:00";"Consegna Riuscita"
401;"2022-05-21 00:00:00";1196;3147;4;38.8;1265;"Corriere Express";"2023-07-31 00:00:00";"Consegna Riuscita"
402;"2022-04-11 00:00:00";592;202;1;45.84;4334;"Corriere Express";"2023-04-09 00:00:00";"Consegna Riuscita"
403;"2022-10-31 00:00:00";1382;935;1;70.15;1857;"Posta Prioritaria";"2023-07-30 00:00:00";"In Consegna"
404;"2022-03-25 00:00:00";466;1118;1;36.34;3432;"Posta Prioritaria";"2023-06-25 00:00:00";"In Consegna"
405;"2022-10-11 00:00:00";2350;1440;1;61.9;4482;"Posta Prioritaria";"2023-06-26 00:00:00";"In Consegna"
406;"2022-01-23 00:00:00";3714;2996;8;92.06;2540;"Posta Prioritaria";"2023-03-25 00:00:00";"Consegna Riuscita"
407;"2022-11-30 00:00:00";4786;1976;1;45.46;3656;"Posta Prioritaria";"2023-06-26 00:00:00";"In Consegna"
408;"2022-01-03 00:00:00";3726;1568;7;56.21;2788;"Corriere Express";"2023-02-07 00:00:00";"Consegna Riuscita"
409;"2022-04-10 00:00:00";2233;3607;7;82.74;2695;"Corriere Express";"2023-07-14 00:00:00";"Consegna Riuscita"
410;"2022-08-24 00:00:00";3644;3344;6;80.03;4975;"Posta Prioritaria";"2023-02-23 00:00:00";"In Consegna"
411;"2022-03-28 00:00:00";535;576;6;93.64;1749;"Posta Prioritaria";"2023-05-29 00:00:00";"Consegna Riuscita"
412;"2022-12-19 00:00:00";733;2768;1;64.13;4337;"Posta Prioritaria";"2023-11-30 00:00:00";"Consegna Riuscita"
413;"2022-08-31 00:00:00";2616;2296;4;14.04;4918;"Corriere Express";"2023-10-11 00:00:00";"Consegna Riuscita"
414;"2022-04-04 00:00:00";1168;4498;6;68.84;537;"Posta Prioritaria";"2023-04-24 00:00:00";"In Consegna"
415;"2022-02-05 00:00:00";4954;1091;4;65.4;4111;"Posta Prioritaria";"2023-04-17 00:00:00";"Consegna Riuscita"
416;"2022-04-14 00:00:00";5040;3729;4;78.59;1002;"Corriere Express";"2023-11-06 00:00:00";"Consegna Riuscita"
417;"2022-05-31 00:00:00";720;3670;5;42.19;2781;"Posta Prioritaria";"2023-08-29 00:00:00";"In Consegna"
418;"2022-08-23 00:00:00";3432;2084;8;75.23;260;"Corriere Express";"2023-07-28 00:00:00";"In Consegna"
419;"2022-01-07 00:00:00";4500;2820;3;62.21;4442;"Posta Prioritaria";"2023-09-02 00:00:00";"In Consegna"
420;"2022-08-25 00:00:00";532;2224;4;74.61;807;"Posta Prioritaria";"2023-10-31 00:00:00";"Consegna Riuscita"
421;"2022-05-02 00:00:00";2178;3491;9;98.67;781;"Corriere Express";"2023-03-13 00:00:00";"In Consegna"
422;"2022-11-24 00:00:00";944;2157;8;40.13;1406;"Posta Prioritaria";"2023-09-08 00:00:00";"In Consegna"
423;"2022-09-01 00:00:00";316;2105;9;93.14;100;"Posta Prioritaria";"2023-02-07 00:00:00";"In Consegna"
424;"2022-03-07 00:00:00";610;512;6;71.55;2191;"Posta Prioritaria";"2023-11-07 00:00:00";"In Consegna"
425;"2022-11-29 00:00:00";4371;342;4;75.73;4953;"Posta Prioritaria";"2023-09-15 00:00:00";"In Consegna"
426;"2022-08-15 00:00:00";3063;1936;5;13.97;3456;"Posta Prioritaria";"2023-06-05 00:00:00";"Consegna Riuscita"
427;"2022-09-07 00:00:00";1620;214;3;42.84;1864;"Posta Prioritaria";"2023-03-23 00:00:00";"Consegna Riuscita"
428;"2022-08-19 00:00:00";3584;4862;1;22.47;2029;"Corriere Express";"2023-01-23 00:00:00";"Consegna Riuscita"
429;"2022-05-18 00:00:00";2811;4795;5;29.29;2184;"Posta Prioritaria";"2023-10-01 00:00:00";"In Consegna"
430;"2022-01-10 00:00:00";4094;4972;3;20.59;308;"Corriere Express";"2023-04-23 00:00:00";"In Consegna"
431;"2022-01-13 00:00:00";1824;1812;6;82.05;2276;"Posta Prioritaria";"2023-06-18 00:00:00";"In Consegna"
432;"2022-06-14 00:00:00";3224;4130;7;21.03;2055;"Corriere Express";"2023-04-04 00:00:00";"In Consegna"
433;"2022-11-27 00:00:00";2339;3757;7;62.63;2106;"Corriere Express";"2023-09-04 00:00:00";"Consegna Riuscita"
434;"2022-10-21 00:00:00";151;3875;9;34.95;4065;"Posta Prioritaria";"2023-04-15 00:00:00";"Consegna Riuscita"
435;"2022-10-02 00:00:00";4547;1840;7;64.73;73;"Corriere Express";"2023-02-12 00:00:00";"Consegna Riuscita"
436;"2022-05-26 00:00:00";4012;4595;6;28.95;346;"Posta Prioritaria";"2023-08-06 00:00:00";"In Consegna"
437;"2022-11-24 00:00:00";4472;2532;3;95.19;991;"Corriere Express";"2023-09-18 00:00:00";"Consegna Riuscita"
438;"2022-12-24 00:00:00";788;4216;9;18.74;1863;"Posta Prioritaria";"2023-06-23 00:00:00";"In Consegna"
439;"2022-01-26 00:00:00";3182;720;3;76.11;3044;"Corriere Express";"2023-02-26 00:00:00";"In Consegna"
440;"2022-02-10 00:00:00";3683;4985;9;14.41;2670;"Corriere Express";"2023-10-05 00:00:00";"In Consegna"
441;"2022-01-21 00:00:00";2041;2044;8;46.27;3366;"Posta Prioritaria";"2023-01-03 00:00:00";"In Consegna"
442;"2022-07-02 00:00:00";1900;3523;2;58.67;1840;"Corriere Express";"2023-12-16 00:00:00";"Consegna Riuscita"
443;"2022-06-11 00:00:00";707;3826;4;77.21;4916;"Posta Prioritaria";"2023-04-15 00:00:00";"Consegna Riuscita"
444;"2022-02-18 00:00:00";1720;4173;4;27.78;2666;"Posta Prioritaria";"2023-03-04 00:00:00";"In Consegna"
445;"2022-07-04 00:00:00";2237;700;4;32.09;164;"Posta Prioritaria";"2023-04-21 00:00:00";"Consegna Riuscita"
446;"2022-04-30 00:00:00";841;3260;1;31.3;4430;"Corriere Express";"2023-07-19 00:00:00";"Consegna Riuscita"
447;"2022-01-20 00:00:00";133;4815;4;52.46;4421;"Corriere Express";"2023-07-07 00:00:00";"In Consegna"
448;"2022-02-11 00:00:00";4290;4835;3;12.42;4854;"Posta Prioritaria";"2023-12-15 00:00:00";"In Consegna"
449;"2022-03-24 00:00:00";4422;4807;9;68.75;4026;"Corriere Express";"2023-12-08 00:00:00";"In Consegna"
450;"2022-12-30 00:00:00";1107;2162;2;76.47;4223;"Posta Prioritaria";"2023-01-26 00:00:00";"Consegna Riuscita"
451;"2022-04-01 00:00:00";2978;2103;3;72.07;714;"Corriere Express";"2023-04-18 00:00:00";"Consegna Riuscita"
452;"2022-09-28 00:00:00";2372;2849;1;82.32;2717;"Corriere Express";"2023-02-01 00:00:00";"In Consegna"
453;"2022-12-16 00:00:00";1972;1347;3;73.83;1151;"Corriere Express";"2023-01-22 00:00:00";"In Consegna"
454;"2022-05-05 00:00:00";1589;4512;1;82.8;657;"Corriere Express";"2023-02-11 00:00:00";"In Consegna"
455;"2022-05-09 00:00:00";2779;4055;8;13.94;689;"Posta Prioritaria";"2023-08-02 00:00:00";"Consegna Riuscita"
456;"2022-11-11 00:00:00";455;3370;2;70.07;2337;"Corriere Express";"2023-10-22 00:00:00";"Consegna Riuscita"
457;"2022-03-14 00:00:00";2307;1193;6;70.56;2369;"Posta Prioritaria";"2023-07-12 00:00:00";"Consegna Riuscita"
458;"2022-02-02 00:00:00";2804;2664;2;32.93;171;"Posta Prioritaria";"2023-11-18 00:00:00";"In Consegna"
459;"2022-11-23 00:00:00";3221;4249;2;65.55;1868;"Corriere Express";"2023-04-01 00:00:00";"Consegna Riuscita"
460;"2022-08-04 00:00:00";3545;3231;5;58.13;388;"Corriere Express";"2023-01-16 00:00:00";"Consegna Riuscita"
461;"2022-12-26 00:00:00";1215;4074;5;75.29;153;"Posta Prioritaria";"2023-12-08 00:00:00";"In Consegna"
462;"2022-09-20 00:00:00";4762;4238;9;84.72;1739;"Posta Prioritaria";"2023-12-23 00:00:00";"In Consegna"
463;"2022-09-15 00:00:00";854;2691;1;42.92;2944;"Corriere Express";"2023-11-07 00:00:00";"Consegna Riuscita"
464;"2022-10-29 00:00:00";1548;2536;5;91.23;591;"Posta Prioritaria";"2023-12-05 00:00:00";"Consegna Riuscita"
465;"2022-09-28 00:00:00";548;3059;7;79.18;616;"Corriere Express";"2023-08-01 00:00:00";"In Consegna"
466;"2022-04-27 00:00:00";4081;4942;9;60.22;700;"Posta Prioritaria";"2023-03-19 00:00:00";"In Consegna"
467;"2022-04-22 00:00:00";2431;1034;9;75.7;1388;"Posta Prioritaria";"2023-11-04 00:00:00";"In Consegna"
468;"2022-11-08 00:00:00";1019;1245;7;75.03;3636;"Posta Prioritaria";"2023-01-19 00:00:00";"Consegna Riuscita"
469;"2022-09-27 00:00:00";1271;2822;2;82.49;3028;"Posta Prioritaria";"2023-06-09 00:00:00";"Consegna Riuscita"
470;"2022-10-07 00:00:00";405;3364;4;36.15;3778;"Corriere Express";"2023-08-13 00:00:00";"Consegna Riuscita"
471;"2022-01-28 00:00:00";3958;1609;2;34.61;2458;"Corriere Express";"2023-12-29 00:00:00";"In Consegna"
472;"2022-03-24 00:00:00";4475;3004;7;86.12;1609;"Corriere Express";"2023-11-29 00:00:00";"Consegna Riuscita"
473;"2022-01-19 00:00:00";1668;1044;1;18.87;3667;"Posta Prioritaria";"2023-08-16 00:00:00";"Consegna Riuscita"
474;"2022-06-21 00:00:00";483;2886;7;29.88;2574;"Posta Prioritaria";"2023-08-04 00:00:00";"Consegna Riuscita"
475;"2022-04-02 00:00:00";619;3875;9;76.18;4331;"Corriere Express";"2023-04-02 00:00:00";"In Consegna"
476;"2022-11-11 00:00:00";3626;1872;2;43.98;2726;"Posta Prioritaria";"2023-04-07 00:00:00";"Consegna Riuscita"
477;"2022-05-01 00:00:00";4050;3322;4;81.35;3574;"Corriere Express";"2023-11-01 00:00:00";"Consegna Riuscita"
478;"2022-08-07 00:00:00";4038;1166;6;12.28;84;"Corriere Express";"2023-01-03 00:00:00";"In Consegna"
479;"2022-10-05 00:00:00";1199;2005;1;45.53;3972;"Posta Prioritaria";"2023-05-19 00:00:00";"Consegna Riuscita"
480;"2022-01-20 00:00:00";3615;3464;4;29.92;2096;"Corriere Express";"2023-11-19 00:00:00";"In Consegna"
481;"2022-01-30 00:00:00";4745;4179;3;90.04;1501;"Posta Prioritaria";"2023-06-11 00:00:00";"In Consegna"
482;"2022-08-19 00:00:00";3364;436;8;59.13;1570;"Posta Prioritaria";"2023-04-08 00:00:00";"Consegna Riuscita"
483;"2022-09-16 00:00:00";1277;1319;4;92.82;3382;"Posta Prioritaria";"2023-12-21 00:00:00";"Consegna Riuscita"
484;"2022-03-27 00:00:00";1246;3463;1;63.45;49;"Posta Prioritaria";"2023-11-16 00:00:00";"In Consegna"
485;"2022-07-25 00:00:00";4238;1495;7;69.81;226;"Corriere Express";"2023-07-18 00:00:00";"In Consegna"
486;"2022-11-09 00:00:00";3945;4101;9;92.47;2618;"Corriere Express";"2023-02-04 00:00:00";"In Consegna"
487;"2022-01-27 00:00:00";3778;76;3;42.15;1621;"Corriere Express";"2023-05-06 00:00:00";"Consegna Riuscita"
488;"2022-12-08 00:00:00";4725;1995;6;50.17;2861;"Posta Prioritaria";"2023-08-12 00:00:00";"Consegna Riuscita"
489;"2022-07-12 00:00:00";102;562;1;51.51;3033;"Corriere Express";"2023-09-20 00:00:00";"In Consegna"
490;"2022-12-30 00:00:00";3871;2763;9;24.63;3953;"Corriere Express";"2023-07-28 00:00:00";"In Consegna"
491;"2022-10-01 00:00:00";4179;3390;1;42.47;1567;"Corriere Express";"2023-03-04 00:00:00";"In Consegna"
492;"2022-04-20 00:00:00";2369;3293;1;20.74;3498;"Corriere Express";"2023-07-26 00:00:00";"Consegna Riuscita"
493;"2022-05-06 00:00:00";2672;1216;3;55.7;2331;"Corriere Express";"2023-04-08 00:00:00";"Consegna Riuscita"
494;"2022-08-22 00:00:00";2187;2319;7;28.99;4220;"Corriere Express";"2023-08-30 00:00:00";"In Consegna"
495;"2022-12-31 00:00:00";4893;4114;7;53.13;125;"Corriere Express";"2023-07-19 00:00:00";"In Consegna"
496;"2022-10-19 00:00:00";3898;911;4;99.43;1176;"Corriere Express";"2023-04-24 00:00:00";"In Consegna"
497;"2022-05-25 00:00:00";3520;700;3;84.41;1680;"Corriere Express";"2023-11-12 00:00:00";"Consegna Riuscita"
498;"2022-12-24 00:00:00";1784;4213;9;61.01;1684;"Posta Prioritaria";"2023-02-15 00:00:00";"In Consegna"
499;"2022-02-05 00:00:00";4456;465;2;64.73;985;"Corriere Express";"2023-05-28 00:00:00";"Consegna Riuscita"
500;"2022-05-25 00:00:00";3403;270;5;79.18;508;"Posta Prioritaria";"2023-07-23 00:00:00";"Consegna Riuscita"
